{
	"partitions" : [
		{
			"name" : "Top",
			"pins" : [
				{
					"name" : "S0",
					"strict" : false
				},
				{
					"name" : "S1",
					"strict" : false
				},
				{
					"name" : "S2",
					"strict" : false
				},
				{
					"name" : "S3",
					"strict" : false
				},
				{
					"name" : "S4_Cout",
					"strict" : false
				},
				{
					"name" : "Cin",
					"strict" : false
				},
				{
					"name" : "A0",
					"strict" : false
				},
				{
					"name" : "B0",
					"strict" : false
				},
				{
					"name" : "B1",
					"strict" : false
				},
				{
					"name" : "A1",
					"strict" : false
				},
				{
					"name" : "A2",
					"strict" : false
				},
				{
					"name" : "B2",
					"strict" : false
				},
				{
					"name" : "A3",
					"strict" : false
				},
				{
					"name" : "B3",
					"strict" : false
				}
			]
		}
	]
}